am,m
0,17147.36842105263
1,24392.30769230769
